{
    "formatVersion": 1,
    "+libraries": [
        {
            "name": "net.fabricmc:intermediary:1.6.4",
            "url": "https://maven.legacyfabric.net/"
        },
        {
            "name": "org.apache.logging.log4j:log4j-api:2.8.1",
            "url": "https://libraries.minecraft.net"
        },
        {
            "name": "org.apache.logging.log4j:log4j-core:2.8.1",
            "url": "https://libraries.minecraft.net"
        }
    ],
    "name": "Intermediary Mappings",
    "uid": "net.fabricmc.intermediary",
    "version": "1.6.4"
}
