{
    "components": [
        {
            "cachedName": "LWJGL 2",
            "cachedVersion": "2.9.4-nightly-20150209",
            "cachedVolatile": true,
            "dependencyOnly": true,
            "uid": "org.lwjgl",
            "version": "2.9.4-nightly-20150209"
        },
        {
            "cachedName": "Minecraft",
            "cachedRequires": [
                {
                    "suggests": "2.9.4-nightly-20150209",
                    "uid": "org.lwjgl"
                }
            ],
            "cachedVersion": "1.4.7",
            "important": true,
            "uid": "net.minecraft",
            "version": "1.4.7"
        },
        {
            "cachedName": "Intermediary Mappings",
            "cachedRequires": [
                {
                    "equals": "1.4.7",
                    "uid": "net.minecraft"
                }
            ],
            "cachedVersion": "1.4.7",
            "uid": "net.fabricmc.intermediary",
            "version": "1.4.7"
        },
        {
            "cachedName": "Cursed Fabric Loader 1.0.0 (Required)",
            "cachedRequires": [
                {
                    "equals": "1.4.7",
                    "uid": "net.minecraft"
                }
            ],
            "cachedVersion": "1.0.0-b1.7.3",
            "uid": "net.fabricmc.cursed-fabric-loader"
        }
    ],
    "formatVersion": 1
}
