{
    "components": [
        {
            "cachedName": "LWJGL 2",
            "cachedVersion": "2.9.4-nightly-20150209",
            "cachedVolatile": true,
            "dependencyOnly": true,
            "uid": "org.lwjgl",
            "version": "2.9.4-nightly-20150209"
        },
        {
            "cachedName": "Minecraft",
            "cachedRequires": [
                {
                    "equals": "2.9.4-nightly-20150209",
                    "suggests": "2.9.4-nightly-20150209",
                    "uid": "org.lwjgl"
                }
            ],
            "cachedVersion": "1.6.4",
            "important": true,
            "uid": "net.minecraft",
            "version": "1.6.4"
        },
        {
            "cachedName": "Intermediary Mappings",
            "cachedRequires": [
                {
                    "equals": "1.6.4",
                    "uid": "net.minecraft"
                }
            ],
            "cachedVersion": "1.6.4",
            "cachedVolatile": true,
            "dependencyOnly": true,
            "uid": "net.fabricmc.intermediary",
            "version": "1.6.4"
        },
        {
            "cachedName": "Fabric Loader",
            "cachedRequires": [
                {
                    "equals": "1.6.4",
                    "uid": "net.fabricmc.intermediary"
                }
            ],
            "cachedVersion": "0.14.8",
            "uid": "net.fabricmc.fabric-loader",
            "version": "0.14.8"
        }
    ],
    "formatVersion": 1
}
