{
    "formatVersion": 1,
    "+libraries": [
        {
            "name": "net.fabricmc:tiny-mappings-parser:0.2.2.14",
            "url": "https://maven.fabricmc.net/"
        },
        {
            "name": "net.fabricmc:sponge-mixin:0.8.2+build.24",
            "url": "https://maven.fabricmc.net/"
        },
        {
            "name": "net.fabricmc:tiny-remapper:0.3.0.70",
            "url": "https://maven.fabricmc.net/"
        },
        {
            "name": "net.fabricmc:access-widener:1.0.0",
            "url": "https://maven.fabricmc.net/"
        },
        {
            "name": "net.fabricmc:fabric-loader-sat4j:2.3.5.4",
            "url": "https://maven.fabricmc.net/"
        },
        {
            "name": "com.google.jimfs:jimfs:1.2-fabric",
            "url": "https://maven.fabricmc.net/"
        },
        {
            "name": "org.ow2.asm:asm:9.0",
            "url": "https://maven.fabricmc.net/"
        },
        {
            "name": "org.ow2.asm:asm-analysis:9.0",
            "url": "https://maven.fabricmc.net/"
        },
        {
            "name": "org.ow2.asm:asm-commons:9.0",
            "url": "https://maven.fabricmc.net/"
        },
        {
            "name": "org.ow2.asm:asm-tree:9.0",
            "url": "https://maven.fabricmc.net/"
        },
        {
            "name": "org.ow2.asm:asm-util:9.0",
            "url": "https://maven.fabricmc.net/"
        },
        {
            "name": "com.google.guava:guava:21.0",
            "url": "https://maven.fabricmc.net/"
        },
        {
            "name": "net.fabricmc:fabric-loader-1.8.9:0.11.1+build.202102220648",
            "url": "https://maven.legacyfabric.net/"
        }
    ],
    "mainClass": "net.fabricmc.loader.launch.knot.KnotClient",
    "name": "Legacy Fabric Loader",
    "releaseTime": "2021-02-22+06:48:00",
    "requires": [
        {
            "equals": "1.8.9",
            "uid": "net.minecraft"
        }
    ],
    "uid": "net.fabricmc.fabric-loader-1.8.9",
    "version": "0.11.1+build.202102220648"
}
